Market,Arrival Date,Arrivals (Tonnes),Variety,Minimum Price(Rs./Quintal),Maximum Price(Rs./Quintal),Modal Price(Rs./Quintal)
Akole,07/04/2007,12.6,Other,350,625,525
Akole,20/04/2007,50,Other,300,560,430
Aurangabad,01/04/2007,7.5,Other,350,650,550
Aurangabad,02/04/2007,1.2,Other,400,600,500
Aurangabad,03/04/2007,8.2,Other,350,600,500
Aurangabad,04/04/2007,9.7,Other,300,600,450
Aurangabad,05/04/2007,23.5,Other,250,600,525
Aurangabad,07/04/2007,8,Other,375,650,550
Aurangabad,08/04/2007,25.5,Other,400,625,500
Aurangabad,09/04/2007,6.5,Other,350,600,450
Aurangabad,10/04/2007,27,Other,300,550,400
Aurangabad,11/04/2007,13.5,Other,300,550,450
Aurangabad,12/04/2007,5.5,Other,300,500,350
Aurangabad,14/04/2007,9.5,Other,300,600,450
Aurangabad,15/04/2007,45,Other,350,600,500
Aurangabad,16/04/2007,12,Other,350,550,450
Aurangabad,18/04/2007,13,Other,400,510,450
Aurangabad,19/04/2007,24,Other,300,500,400
Aurangabad,21/04/2007,8,Other,300,500,450
Aurangabad,22/04/2007,18.5,Other,300,550,450
Aurangabad,23/04/2007,26,Other,300,450,350
Aurangabad,24/04/2007,16,Other,250,550,375
Aurangabad,25/04/2007,3,Other,300,400,350
Aurangabad,26/04/2007,22.5,Other,350,450,400
Aurangabad,28/04/2007,15,Other,200,450,350
Aurangabad,29/04/2007,17.5,Other,300,400,350
Aurangabad,30/04/2007,12.6,Other,300,400,350
Baramati,04/04/2007,28.1, ,NR,NR,NR
Baramati,07/04/2007,20.6,Red,250,660,525
Baramati,11/04/2007,19.3, ,NR,NR,NR
Baramati,14/04/2007,12.8,Red,250,601,550
Baramati,18/04/2007,27.3, ,NR,NR,NR
Baramati,21/04/2007,14, ,NR,NR,NR
Baramati,25/04/2007,13.5,Red,200,681,550
Barshi,09/04/2007,130.1, ,NR,NR,NR
Barshi,18/04/2007,96.7, ,NR,NR,NR
Barshi,23/04/2007,15.4,Other,201,1000,800
Bhivandi,04/04/2007,0.1,Other,300,350,325
Bhivandi,11/04/2007,0.1, ,NR,NR,NR
Bhivandi,18/04/2007,0.1,Other,300,350,325
Bhivandi,25/04/2007,0.1,Other,300,350,325
Chandrapur,03/04/2007,9,Other,600,1000,800
Chandrapur,04/04/2007,9,Other,400,800,700
Chandrapur,06/04/2007,9,Other,600,800,700
Chandrapur,07/04/2007,9,Other,500,700,600
Chandrapur,10/04/2007,18,Other,600,1000,800
Chandrapur,12/04/2007,27,Other,700,800,750
Chandrapur,13/04/2007,9,Other,500,800,700
Chandrapur,16/04/2007,9,Other,600,1000,800
Chandrapur,17/04/2007,18,Other,600,800,700
Chandrapur,18/04/2007,27,Other,650,750,700
Chandrapur,20/04/2007,18,Other,600,800,700
Chandrapur,23/04/2007,9,Other,700,800,750
Chandrapur,24/04/2007,18,Other,500,800,700
Chandrapur,25/04/2007,15,Other,600,800,700
Chandrapur,26/04/2007,18,Other,650,800,700
Chandrapur,27/04/2007,27,Other,600,800,700
Chandrapur,28/04/2007,27,Other,600,900,800
Chandvad,03/04/2007,412.5, ,NR,NR,NR
Chandvad,04/04/2007,520.5, ,NR,NR,NR
Chandvad,05/04/2007,586.8,Other,300,510,480
Chandvad,07/04/2007,833, ,NR,NR,NR
Chandvad,10/04/2007,573, ,NR,NR,NR
Chandvad,11/04/2007,718.5, ,NR,NR,NR
Chandvad,12/04/2007,557.5, ,NR,NR,NR
Chandvad,13/04/2007,642.5, ,NR,NR,NR
Chandvad,18/04/2007,693.1, ,NR,NR,NR
Chandvad,19/04/2007,164, ,NR,NR,NR
Chandvad,20/04/2007,101.6, ,NR,NR,NR
Chandvad,21/04/2007,305.5, ,NR,NR,NR
Chandvad,24/04/2007,475.5, ,NR,NR,NR
Chandvad,25/04/2007,458, ,NR,NR,NR
Devala,02/04/2007,825,Other,251,559,451
Devala,03/04/2007,560,Other,251,535,475
Devala,04/04/2007,530,Other,300,530,450
Devala,05/04/2007,545,Other,250,545,465
Devala,09/04/2007,920,Other,250,503,435
Devala,10/04/2007,670,Other,350,519,435
Devala,11/04/2007,730,Other,200,497,425
Devala,12/04/2007,585,Other,200,479,400
Devala,13/04/2007,702,Other,200,472,425
Devala,16/04/2007,680,Other,200,471,400
Devala,17/04/2007,350,Other,200,441,400
Devala,18/04/2007,300,Other,200,432,415
Devala,23/04/2007,735,Other,200,508,410
Devala,24/04/2007,60.5,Other,200,514,410
Devala,25/04/2007,520,Other,200,480,400
Devala,26/04/2007,310,Other,200,491,410
Devala,27/04/2007,490,Other,200,520,425
Devala,30/04/2007,565,Other,200,600,511
Dhule,02/04/2007,220.3, ,NR,NR,NR
Dhule,04/04/2007,300, ,NR,NR,NR
Dhule,05/04/2007,108.7, ,NR,NR,NR
Dhule,06/04/2007,300, ,NR,NR,NR
Dhule,09/04/2007,250, ,NR,NR,NR
Dhule,10/04/2007,217.7, ,NR,NR,NR
Dhule,11/04/2007,191.3, ,NR,NR,NR
Dhule,12/04/2007,300, ,NR,NR,NR
Dhule,13/04/2007,200, ,NR,NR,NR
Dhule,17/04/2007,347.6, ,NR,NR,NR
Dhule,18/04/2007,64.1, ,NR,NR,NR
Dhule,20/04/2007,215.7, ,NR,NR,NR
Dhule,23/04/2007,100, ,NR,NR,NR
Dhule,24/04/2007,200, ,NR,NR,NR
Dindori,02/04/2007,52.8,Other,301,589,550
Dindori,03/04/2007,57.8,Other,301,575,540
Dindori,04/04/2007,61.2,Other,357,575,549
Dindori,05/04/2007,63.5,Other,417,587,567
Dindori,06/04/2007,86.2,Other,425,577,551
Dindori,09/04/2007,91.6,Other,300,542,472
Dindori,10/04/2007,94.3,Other,250,524,480
Dindori,11/04/2007,102.2,Other,337,507,447
Dindori,12/04/2007,108.7,Other,353,501,461
Dindori,13/04/2007,134.9,Other,300,519,460
Dindori,16/04/2007,207.1,Other,301,511,464
Dindori,17/04/2007,219.5,Other,304,500,444
Dindori,18/04/2007,182.5,Other,251,496,445
Dindori,19/04/2007,128.1,Other,283,482,450
Dindori,20/04/2007,159.7,Other,256,494,434
Dindori,23/04/2007,176.9,Other,338,515,466
Dindori,24/04/2007,128.1,Other,365,561,474
Dindori,25/04/2007,162.2,Other,328,579,507
Dindori,26/04/2007,117.4,Other,345,617,552
Dindori,27/04/2007,206.6,Other,384,623,566
Dindori,30/04/2007,299.9,Other,300,633,561
Dindori(Vani),09/04/2007,1065.6,Other,350,456,421
Dindori(Vani),11/04/2007,456.3,Other,351,458,425
Dindori(Vani),12/04/2007,402.8,Other,352,455,415
Dindori(Vani),13/04/2007,412.7,Other,364,468,403
Dindori(Vani),16/04/2007,656.1,Other,375,454,415
Dindori(Vani),18/04/2007,596.7,Other,322,469,425
Dindori(Vani),19/04/2007,151.9,Other,325,460,411
Dindori(Vani),20/04/2007,527.7,Other,300,479,440
Dindori(Vani),23/04/2007,422.7,Other,300,476,431
Dindori(Vani),25/04/2007,372.8,Other,394,567,501
Dindori(Vani),26/04/2007,269.4,Other,363,566,511
Dindori(Vani),27/04/2007,438.2,Other,400,590,525
Dindori(Vani),30/04/2007,548.1,Other,421,631,544
Ghoti,03/04/2007,4.7,Other,300,500,400
Ghoti,04/04/2007,0.6,Other,418,418,418
Ghoti,05/04/2007,0.2,Other,400,400,400
Ghoti,10/04/2007,4.5,Other,366,450,408
Ghoti,17/04/2007,3.5,Other,350,466,408
Ghoti,19/04/2007,0.3,Other,400,500,450
Ghoti,20/04/2007,0.6,Other,400,400,400
Indapur,01/04/2007,15.6, ,NR,NR,NR
Indapur,04/04/2007,22.1, ,NR,NR,NR
Indapur,06/04/2007,12.6, ,NR,NR,NR
Indapur,08/04/2007,17.5,Other,200,575,425
Indapur,11/04/2007,33.1, ,NR,NR,NR
Indapur,13/04/2007,7.6,Other,200,500,411
Indapur,15/04/2007,15.2, ,NR,NR,NR
Jalana,03/04/2007,14,Red,301,600,450
Jalana,26/04/2007,12.8,Other,300,535,400
Jalgaon,02/04/2007,40,Red,400,550,475
Jalgaon,03/04/2007,40,Red,300,550,425
Jalgaon,04/04/2007,56,Red,400,525,450
Jalgaon,05/04/2007,30,Red,300,500,400
Jalgaon,07/04/2007,27,Red,350,512,430
Jalgaon,10/04/2007,60,Other,500,700,600
Jalgaon,Red,300,490,400,700,600
Jalgaon,11/04/2007,81,Other,550,700,625
Jalgaon,Red,300,510,400,700,625
Jalgaon,12/04/2007,60,Red,300,500,400
Jalgaon,13/04/2007,79,Red,300,450,375
Jalgaon,16/04/2007,2,Other,550,650,600
Jalgaon,17/04/2007,80,Red,300,460,375
Jalgaon,18/04/2007,60,Red,300,425,350
Jalgaon,20/04/2007,21,Red,225,425,325
Jalgaon,21/04/2007,5,Red,300,490,400
Jalgaon,23/04/2007,30,Red,300,525,400
Jalgaon,24/04/2007,30,Red,300,510,400
Jalgaon,25/04/2007,27,Red,300,550,425
Jalgaon,26/04/2007,25,Red,300,500,400
Jalgaon,27/04/2007,30,Red,300,500,400
Jalgaon,28/04/2007,35,Red,325,525,425
Jalgaon,30/04/2007,78,Red,300,525,400
Junnar(Otur),03/04/2007,356.1,Other,400,650,500
Junnar(Otur),05/04/2007,1072.8,Other,300,600,500
Junnar(Otur),08/04/2007,935.2,Other,200,500,450
Junnar(Otur),10/04/2007,183.9,Other,200,600,450
Junnar(Otur),12/04/2007,854.2, ,NR,NR,NR
Junnar(Otur),15/04/2007,950, ,NR,NR,NR
Junnar(Otur),17/04/2007,406.3,Other,200,550,500
Junnar(Otur),19/04/2007,1300,Other,200,500,400
Junnar(Otur),22/04/2007,707,Other,200,540,500
Junnar(Otur),24/04/2007,410,Other,300,550,500
Junnar(Otur),26/04/2007,1028,Other,200,550,500
Kada,01/04/2007,76.5, ,NR,NR,NR
Kada,04/04/2007,35,Other,200,650,575
Kada,08/04/2007,42, ,NR,NR,NR
Kada,11/04/2007,107.7, ,NR,NR,NR
Kada,15/04/2007,80.3,Other,200,601,550
Kada,18/04/2007,67,Other,200,540,400
Kada,22/04/2007,85,Other,200,575,450
Kada,25/04/2007,41.2,Other,200,561,450
Kada,29/04/2007,52.6, ,NR,NR,NR
Kalmeshwar,11/04/2007,0.1,Other,600,800,700
Kalmeshwar,12/04/2007,0.1,Other,400,600,500
Kalmeshwar,18/04/2007,0.5,Other,500,700,600
Kalmeshwar,19/04/2007,0.1,Other,400,600,500
Kalmeshwar,25/04/2007,0.2,Other,300,500,400
Kalmeshwar,26/04/2007,0.2,Other,400,600,500
Kalmeshwar,28/04/2007,0.2,Other,400,600,500
Karad,02/04/2007,30,Other,400,650,550
Karad,04/04/2007,50,Other,400,650,600
Karad,05/04/2007,70,Other,500,700,600
Karad,09/04/2007,40,Other,400,550,500
Karad,11/04/2007,40,Other,300,650,500
Karad,17/04/2007,30,Other,300,450,400
Karad,18/04/2007,50,Other,300,500,400
Karad,21/04/2007,70,Other,350,550,450
Karad,24/04/2007,40,Other,400,600,500
Karad,25/04/2007,20,Other,400,600,500
Karad,26/04/2007,30,Other,500,600,550
Karad,28/04/2007,20,Other,500,700,600
Karmala,05/04/2007,19.5, ,NR,NR,NR
Kolhapur,03/04/2007,216.8,Other,300,750,550
Kolhapur,04/04/2007,253.9,Other,250,700,550
Kolhapur,06/04/2007,221.9,Other,300,700,500
Kolhapur,07/04/2007,307.5,Other,300,700,550
Kolhapur,09/04/2007,373.2,Other,250,650,550
Kolhapur,10/04/2007,320.9,Other,250,600,425
Kolhapur,11/04/2007,277.7,Other,250,570,410
Kolhapur,12/04/2007,398.8,Other,250,600,450
Kolhapur,13/04/2007,140.5,Other,250,600,450
Kolhapur,14/04/2007,184.6,Other,250,700,450
Kolhapur,17/04/2007,390.1,Other,200,650,425
Kolhapur,18/04/2007,241.3,Other,300,600,500
Kolhapur,19/04/2007,365.6,Other,250,600,300
Kolhapur,20/04/2007,214.5,Other,250,600,300
Kolhapur,21/04/2007,248.9,Other,300,600,500
Kolhapur,23/04/2007,248.9,Other,250,600,425
Kolhapur,24/04/2007,333.3,Other,300,600,450
Kolhapur,25/04/2007,232,Other,300,600,500
Kolhapur,26/04/2007,159.3,Other,300,600,500
Kolhapur,27/04/2007,105,Other,300,630,550
Kolhapur,28/04/2007,185.1,Other,300,700,550
Kolhapur,30/04/2007,320.4,Other,300,700,550
Kurdwadi(Modnimb),02/04/2007,94, ,NR,NR,NR
Kurdwadi(Modnimb),05/04/2007,104.1, ,NR,NR,NR
Kurdwadi(Modnimb),09/04/2007,149.2, ,NR,NR,NR
Kurdwadi(Modnimb),12/04/2007,53.7, ,NR,NR,NR
Lasalgaon,03/04/2007,15,Other,354,563,485
Lasalgaon,Red,451,480,459,563,485
Lasalgaon,04/04/2007,1550,Other,257,500,351
Lasalgaon,05/04/2007,1869,Other,370,561,485
Lasalgaon,06/04/2007,2205,Other,408,586,475
Lasalgaon,09/04/2007,2082,Other,353,521,441
Lasalgaon,10/04/2007,1890,Other,302,541,461
Lasalgaon,11/04/2007,549.5,Other,251,463,431
Lasalgaon,12/04/2007,1737,Other,331,544,461
Lasalgaon,13/04/2007,3207,Other,351,523,440
Lasalgaon,16/04/2007,2163,Other,362,546,441
Lasalgaon,18/04/2007,517,Other,271,450,400
Lasalgaon,19/04/2007,1367,Other,272,532,390
Lasalgaon,20/04/2007,1977,Other,352,520,400
Lasalgaon,23/04/2007,1083,Other,241,541,431
Lasalgaon,24/04/2007,1782,Other,231,558,435
Lasalgaon,25/04/2007,655, ,NR,NR,NR
Lasalgaon,26/04/2007,2550,Red,215,542,451
Lasalgaon,27/04/2007,1635,Other,335,571,471
Lasalgaon(Niphad),09/04/2007,183.5, ,NR,NR,NR
Lasalgaon(Niphad),10/04/2007,156.5, ,NR,NR,NR
Lasalgaon(Niphad),11/04/2007,185,Other,249,470,451
Lasalgaon(Niphad),12/04/2007,254,Other,266,463,430
Lasalgaon(Niphad),16/04/2007,334.5,Other,211,459,430
Lasalgaon(Niphad),18/04/2007,434.5,Other,200,435,390
Lasalgaon(Niphad),19/04/2007,92,Other,201,425,395
Lasalgaon(Niphad),23/04/2007,282.5,Other,200,460,411
Lasalgaon(Niphad),24/04/2007,244,Other,211,483,435
Lasalgaon(Niphad),25/04/2007,250,Other,210,491,450
Lasalgaon(Niphad),26/04/2007,176.5,Other,250,500,461
Lasalgaon(Niphad),30/04/2007,292.5,Other,251,575,515
Lonand,02/04/2007,300,Other,450,611,580
Lonand,05/04/2007,297.1,Other,200,625,475
Lonand,09/04/2007,194.3, ,NR,NR,NR
Lonand,12/04/2007,215.1, ,NR,NR,NR
Lonand,16/04/2007,85.2, ,NR,NR,NR
Lonand,19/04/2007,87.8, ,NR,NR,NR
Lonand,23/04/2007,32.5,Other,200,511,475
Lonand,30/04/2007,24.5,Other,200,550,425
Maanachar,01/04/2007,1.8,Other,410,650,530
Maanachar,02/04/2007,0.8,Other,300,300,300
Maanachar,03/04/2007,0.5,Other,550,550,550
Maanachar,04/04/2007,0.1,Other,500,500,500
Maanachar,05/04/2007,3.9,Other,420,620,510
Maanachar,06/04/2007,0.1,Other,500,500,500
Maanachar,08/04/2007,1,Other,550,550,550
Maanachar,09/04/2007,2.9,Other,480,550,520
Maanachar,10/04/2007,0.4,Other,500,500,500
Maanachar,11/04/2007,0.3,Other,500,500,500
Maanachar,12/04/2007,3.3,Other,450,500,480
Maanachar,15/04/2007,0.3,Other,480,480,480
Maanachar,16/04/2007,0.3,Other,450,450,450
Maanachar,17/04/2007,2.9,Other,500,500,500
Maanachar,18/04/2007,0.9,Other,480,480,480
Maanachar,19/04/2007,0.2,Other,400,400,400
Maanachar,20/04/2007,3.5,Other,1000,1400,1200
Maanachar,22/04/2007,0.4,Other,430,430,430
Malegaon,02/04/2007,108,Red,251,471,300
Malegaon,03/04/2007,73.5,Red,241,500,350
Malegaon,09/04/2007,54,Red,240,430,400
Malegaon,11/04/2007,99, ,NR,NR,NR
Malegaon,12/04/2007,102,Red,250,437,300
Malegaon,16/04/2007,120,Red,260,380,290
Malegaon,17/04/2007,41,Red,251,380,300
Malegaon,18/04/2007,78,Red,283,367,290
Malegaon,21/04/2007,93,Red,299,375,300
Malegaon,23/04/2007,81,Red,275,399,290
Malegaon,24/04/2007,53,Red,275,399,290
Malegaon,25/04/2007,41,Red,225,451,400
Malegaon,26/04/2007,21,Red,282,423,400
Malegaon,28/04/2007,103,Red,241,479,425
Malegaon,30/04/2007,18,Red,250,411,375
Malegaon(Umarane),04/04/2007,1884.3,Other,201,521,441
Malegaon(Umarane),09/04/2007,1995.5, ,NR,NR,NR
Malegaon(Umarane),10/04/2007,1425.5, ,NR,NR,NR
Malegaon(Umarane),11/04/2007,1152, ,NR,NR,NR
Malegaon(Umarane),12/04/2007,1343, ,NR,NR,NR
Malegaon(Umarane),13/04/2007,1420.5, ,NR,NR,NR
Malegaon(Umarane),16/04/2007,504, ,NR,NR,NR
Malegaon(Umarane),17/04/2007,1127.5, ,NR,NR,NR
Malegaon(Umarane),20/04/2007,1067.5, ,NR,NR,NR
Malegaon(Umarane),23/04/2007,1347.5, ,NR,NR,NR
Malegaon(Umarane),24/04/2007,1472, ,NR,NR,NR
Malegaon(Umarane),25/04/2007,855, ,NR,NR,NR
Malegaon(Umarane),26/04/2007,1038, ,NR,NR,NR
Malegaon(Umarane),27/04/2007,1555.5,Other,201,532,471
Malegaon(Umarane),30/04/2007,1237.5,Other,201,580,471
Malkapur,05/04/2007,73.9,Other,325,475,435
Malkapur,20/04/2007,33.4,Other,260,455,365
Malkapur,26/04/2007,55.2,Other,350,500,465
Malkapur,27/04/2007,64,Other,300,450,430
Manmad,05/04/2007,1200,Other,266,494,449
Manmad,09/04/2007,1200,Other,358,445,401
Manmad,10/04/2007,700,Other,271,455,417
Manmad,12/04/2007,1200,Other,275,425,400
Manmad,16/04/2007,1200,Other,371,455,420
Manmad,18/04/2007,1800,Other,261,445,385
Manmad,20/04/2007,700, ,NR,NR,NR
Manmad,23/04/2007,1200,Other,300,435,390
Manmad,24/04/2007,700, ,NR,NR,NR
Manmad,25/04/2007,700,Other,251,484,440
Manmad,27/04/2007,900,Other,299,551,513
Manmad,30/04/2007,900,Other,345,541,506
Mumbai,02/04/2007,775,Other,500,700,600
Mumbai,03/04/2007,735,Other,500,700,600
Mumbai,04/04/2007,1080,Other,500,700,600
Mumbai,05/04/2007,1010,Other,500,700,600
Mumbai,06/04/2007,925,Other,500,650,575
Mumbai,07/04/2007,1135,Other,500,600,550
Mumbai,09/04/2007,1365,Other,400,600,500
Mumbai,10/04/2007,820,Other,400,600,500
Mumbai,11/04/2007,725,Other,400,600,500
Mumbai,12/04/2007,530,Other,400,600,500
Mumbai,13/04/2007,850,Other,400,600,500
Mumbai,14/04/2007,935,Other,450,650,550
Mumbai,16/04/2007,1040,Other,400,600,500
Mumbai,17/04/2007,1240,Other,400,600,500
Mumbai,18/04/2007,1115,Other,400,600,500
Mumbai,19/04/2007,720,Other,400,550,475
Mumbai,20/04/2007,1060,Other,400,550,475
Mumbai,21/04/2007,1105,Other,400,600,500
Mumbai,23/04/2007,1150,Other,400,600,500
Mumbai,24/04/2007,660,Other,400,600,500
Mumbai,25/04/2007,1150,Other,400,600,500
Mumbai,26/04/2007,575,Other,400,650,525
Mumbai,27/04/2007,730,Other,400,600,500
Mumbai,28/04/2007,1010,Other,500,700,600
Mumbai,30/04/2007,1120,Other,500,750,625
Nagpur,02/04/2007,35,Other,700,800,750
Nagpur,Red,500,625,562,800,750
Nagpur,04/04/2007,90,Other,700,750,725
Nagpur,Red,500,625,562,750,725
Nagpur,05/04/2007,60,Other,700,750,725
Nagpur,Red,500,625,562,750,725
Nagpur,07/04/2007,32.5,Other,750,850,800
Nagpur,Red,500,600,550,850,800
Nagpur,08/04/2007,20,Other,750,850,800
Nagpur,Red,500,600,550,850,800
Nagpur,10/04/2007,50,Other,750,800,775
Nagpur,Red,500,575,537,800,775
Nagpur,11/04/2007,50,Other,750,800,775
Nagpur,Red,700,800,750,800,775
Nagpur,14/04/2007,90,Other,725,800,762
Nagpur,Red,500,550,525,800,762
Nagpur,15/04/2007,53.2,Other,725,800,762
Nagpur,Red,500,550,525,800,762
Nagpur,16/04/2007,40,Other,725,800,762
Nagpur,Red,500,550,525,800,762
Nagpur,17/04/2007,40,Other,650,700,675
Nagpur,Red,375,450,412,700,675
Nagpur,18/04/2007,80,Other,650,700,675
Nagpur,Red,450,500,475,700,675
Nagpur,19/04/2007,25,Other,500,625,562
Nagpur,Red,450,475,462,625,562
Nagpur,21/04/2007,63.2,Other,550,600,575
Nagpur,Red,475,500,487,600,575
Nagpur,22/04/2007,51.9,Other,550,600,575
Nagpur,Red,475,500,487,600,575
Nagpur,23/04/2007,70,Other,650,700,675
Nagpur,Red,475,525,500,700,675
Nagpur,24/04/2007,84.2,Other,650,700,675
Nagpur,Red,475,525,500,700,675
Nandgaon,04/04/2007,1055.6,Other,241,516,465
Nandgaon,05/04/2007,875,Other,260,479,421
Nandgaon,09/04/2007,1068.4,Other,250,422,370
Nandgaon,10/04/2007,1058.7,Other,300,407,370
Nandgaon,11/04/2007,768.6,Other,230,441,410
Nandgaon,12/04/2007,799.9, ,NR,NR,NR
Nandgaon,13/04/2007,689,Other,200,461,416
Nandgaon,16/04/2007,654.2,Other,250,420,380
Nandgaon,17/04/2007,651.3,Other,271,441,370
Nandgaon,18/04/2007,667,Other,280,432,350
Nandgaon,23/04/2007,617.8,Other,241,431,385
Nandgaon,24/04/2007,587.7,Other,251,456,365
Nandgaon,25/04/2007,578.7,Other,215,505,390
Nandura,17/04/2007,30, ,NR,NR,NR
Nasik,02/04/2007,128.1,Other,231,575,500
Nasik,03/04/2007,163.8,Other,255,600,525
Nasik,04/04/2007,67.6,Other,281,700,575
Nasik,05/04/2007,70.6,Other,225,650,550
Nasik,07/04/2007,79.6, ,NR,NR,NR
Nasik,09/04/2007,154.5, ,NR,NR,NR
Nasik,10/04/2007,245.7, ,NR,NR,NR
Nasik,11/04/2007,74.5, ,NR,NR,NR
Nasik,12/04/2007,191.8, ,NR,NR,NR
Nasik,13/04/2007,81.1, ,NR,NR,NR
Nasik,16/04/2007,141.8,Other,202,500,400
Nasik,17/04/2007,223.9, ,NR,NR,NR
Nasik,18/04/2007,38.6, ,NR,NR,NR
Nasik,20/04/2007,61.1, ,NR,NR,NR
Nasik,21/04/2007,92.4, ,NR,NR,NR
Nasik,23/04/2007,109.9, ,NR,NR,NR
Nasik,24/04/2007,145, ,NR,NR,NR
Nasik,25/04/2007,69.6, ,NR,NR,NR
Nasik,26/04/2007,124.1, ,NR,NR,NR
Navapur,01/04/2007,1.2,Other,500,600,580
Navapur,03/04/2007,0.1,Other,600,600,600
Navapur,04/04/2007,0.2,Other,700,700,700
Navapur,05/04/2007,0.4,Other,600,600,600
Navapur,10/04/2007,0.1,Other,700,700,700
Navapur,11/04/2007,0.2,Other,500,500,500
Navapur,17/04/2007,1,Other,400,500,485
Navapur,21/04/2007,0.1,Other,500,500,500
Navapur,23/04/2007,0.8,Other,500,500,500
Newasa(Ghodegaon),01/04/2007,511.7,Other,200,640,600
Newasa(Ghodegaon),04/04/2007,621.6,Other,200,625,550
Newasa(Ghodegaon),08/04/2007,907.3, ,NR,NR,NR
Newasa(Ghodegaon),11/04/2007,823.7, ,NR,NR,NR
Newasa(Ghodegaon),18/04/2007,734.8, ,NR,NR,NR
Newasa(Ghodegaon),22/04/2007,754, ,NR,NR,NR
Newasa(Ghodegaon),25/04/2007,1081, ,NR,NR,NR
Newasa(Ghodegaon),29/04/2007,1102.7, ,NR,NR,NR
Osmanabad,01/04/2007,4.5,Other,300,525,413
Osmanabad,03/04/2007,1.2,Other,375,660,518
Osmanabad,04/04/2007,0.1,Other,625,750,688
Osmanabad,05/04/2007,0.7,Other,350,650,500
Osmanabad,06/04/2007,0.6,Other,640,640,640
Osmanabad,07/04/2007,0.5,Other,625,635,630
Osmanabad,08/04/2007,3.2,Other,450,700,575
Osmanabad,10/04/2007,2.6,Other,450,700,575
Osmanabad,11/04/2007,0.7,Other,575,600,588
Osmanabad,12/04/2007,0.3, ,NR,NR,NR
Osmanabad,13/04/2007,0.7,Other,405,550,477
Osmanabad,14/04/2007,0.2,Other,500,500,500
Osmanabad,15/04/2007,8.3, ,NR,NR,NR
Osmanabad,17/04/2007,1.6, ,NR,NR,NR
Osmanabad,18/04/2007,0.1, ,NR,NR,NR
Osmanabad,19/04/2007,0.9, ,NR,NR,NR
Osmanabad,20/04/2007,2.3,Other,380,550,465
Osmanabad,21/04/2007,0.2,Other,400,450,425
Osmanabad,22/04/2007,6.3, ,NR,NR,NR
Osmanabad,24/04/2007,0.8, ,NR,NR,NR
Osmanabad,25/04/2007,0.3,Other,325,325,325
Osmanabad,26/04/2007,0.3,Other,425,600,513
Osmanabad,27/04/2007,1.5, ,NR,NR,NR
Palthan,03/04/2007,172.5,Other,300,625,580
Palthan,06/04/2007,21,Other,300,601,525
Palthan,10/04/2007,195,Other,300,525,475
Palthan,13/04/2007,5.5,Other,250,500,411
Palthan,17/04/2007,82,Other,300,513,450
Palthan,20/04/2007,8.5,Other,300,471,400
Palthan,24/04/2007,95,Other,300,520,450
Palthan,27/04/2007,7.3,Other,250,511,375
Pandharpur,04/04/2007,19.3, ,NR,NR,NR
Pandharpur,05/04/2007,9.1,Other,300,650,500
Pandharpur,07/04/2007,10.1, ,NR,NR,NR
Pandharpur,09/04/2007,7.9,Other,200,650,550
Pandharpur,10/04/2007,7.9,Other,200,650,550
Pandharpur,11/04/2007,23.8, ,NR,NR,NR
Pandharpur,12/04/2007,13.7, ,NR,NR,NR
Pandharpur,13/04/2007,13.9,Other,200,700,550
Pandharpur,16/04/2007,21.4, ,NR,NR,NR
Pandharpur,17/04/2007,8.9, ,NR,NR,NR
Pandharpur,18/04/2007,6.6,Other,240,601,500
Pandharpur,20/04/2007,5.5,Other,200,620,575
Pandharpur,21/04/2007,4.6, ,NR,NR,NR
Pandharpur,23/04/2007,4.8, ,NR,NR,NR
Pandharpur,24/04/2007,12,Other,250,651,570
Pandharpur,25/04/2007,16.1,Other,250,717,550
Pandharpur,26/04/2007,9.9, ,NR,NR,NR
Pandharpur,27/04/2007,8.4,Other,200,650,600
Pandharpur,28/04/2007,15.8, ,NR,NR,NR
Pandharpur,30/04/2007,15.2,Other,305,625,550
Parbhani,03/04/2007,1,Red,600,700,650
Parbhani,07/04/2007,16,Red,400,600,500
Parbhani,10/04/2007,12,Red,450,600,550
Parbhani,14/04/2007,10,Red,400,600,550
Parbhani,17/04/2007,2,Red,450,600,550
Parbhani,21/04/2007,16,Red,400,600,500
Parbhani,24/04/2007,2,Red,400,500,450
Parbhani,28/04/2007,15,Red,300,500,400
Pimpalgaon,05/04/2007,2742.9,Other,411,518,460
Pimpalgaon,06/04/2007,2467.4,Other,401,521,465
Pimpalgaon,09/04/2007,2867.8,Other,291,451,411
Pimpalgaon,10/04/2007,2516.5,Other,300,475,421
Pimpalgaon,11/04/2007,2399.4,Other,325,451,421
Pimpalgaon,12/04/2007,2210.7,Other,315,470,430
Pimpalgaon,13/04/2007,2511,Other,280,461,430
Pimpalgaon,16/04/2007,3206.6,Other,340,483,441
Pimpalgaon,18/04/2007,2930.8,Other,370,474,425
Pimpalgaon,19/04/2007,2450.1,Other,370,471,425
Pimpalgaon,20/04/2007,2613.7,Other,340,481,421
Pimpalgaon Baswant(Saykheda),04/04/2007,270.6,Other,400,500,460
Pimpalgaon Baswant(Saykheda),06/04/2007,261,Other,400,530,470
Pimpalgaon Baswant(Saykheda),07/04/2007,273.2,Other,390,486,460
Pimpalgaon Baswant(Saykheda),09/04/2007,237.3,Other,300,431,380
Pimpalgaon Baswant(Saykheda),10/04/2007,170,Other,300,449,380
Pimpalgaon Baswant(Saykheda),11/04/2007,172,Other,400,454,430
Pimpalgaon Baswant(Saykheda),13/04/2007,198.7,Other,400,458,430
Pimpalgaon Baswant(Saykheda),14/04/2007,157.9,Other,400,463,445
Pimpalgaon Baswant(Saykheda),16/04/2007,354.2,Other,380,465,430
Pimpalgaon Baswant(Saykheda),18/04/2007,465.2,Other,380,429,400
Pimpalgaon Baswant(Saykheda),20/04/2007,269.1,Other,380,437,400
Pune,01/04/2007,842.7,Other,300,650,450
Pune,02/04/2007,950.4,Other,300,650,475
Pune,03/04/2007,938.3,Other,300,650,475
Pune,04/04/2007,892.8,Other,350,650,500
Pune,05/04/2007,1255.4,Other,300,650,475
Pune,06/04/2007,995.9,Other,300,650,450
Pune,08/04/2007,1207.3,Other,350,650,500
Pune,09/04/2007,1195.4,Other,300,550,425
Pune,10/04/2007,1156.9,Other,250,520,385
Pune,11/04/2007,786.4,Other,350,520,435
Pune,12/04/2007,879.8,Other,400,550,475
Pune,13/04/2007,1143.3,Other,250,500,375
Pune,15/04/2007,986.8,Other,300,550,425
Pune,16/04/2007,826,Other,300,550,425
Pune,17/04/2007,1415.2,Other,300,550,425
Pune,18/04/2007,2268,Other,250,520,385
Pune,19/04/2007,980.3,Other,300,550,425
Pune,20/04/2007,844.9,Other,300,550,425
Pune,23/04/2007,751.4,Other,250,550,400
Pune,24/04/2007,845.6,Other,250,550,400
Pune,25/04/2007,862,Other,300,570,435
Pune,26/04/2007,841.3,Other,300,580,440
Pune,27/04/2007,875.6,Other,300,600,450
Pune,29/04/2007,679.5,Other,300,600,450
Pune,30/04/2007,861,Other,350,650,500
Pune(Hadapsar),08/04/2007,0.3,Other,550,550,550
Pune(Hadapsar),09/04/2007,0.5,Other,350,350,350
Pune(Hadapsar),22/04/2007,0.2,Other,200,400,300
Pune(Khadiki),01/04/2007,5.8, ,NR,NR,NR
Pune(Khadiki),02/04/2007,6.5,Other,350,650,500
Pune(Khadiki),03/04/2007,2.2,Other,300,600,450
Pune(Khadiki),04/04/2007,2.7,Other,500,700,600
Pune(Khadiki),05/04/2007,4.9,Other,300,600,450
Pune(Khadiki),07/04/2007,4.9,Other,300,500,400
Pune(Khadiki),08/04/2007,5.7, ,NR,NR,NR
Pune(Khadiki),09/04/2007,3.9,Other,300,600,450
Pune(Khadiki),10/04/2007,3.9,Other,400,600,500
Pune(Khadiki),12/04/2007,4.1, ,NR,NR,NR
Pune(Khadiki),13/04/2007,3.7,Other,300,600,450
Pune(Khadiki),14/04/2007,6.3,Other,200,600,400
Pune(Khadiki),15/04/2007,2.6,Other,300,600,450
Pune(Khadiki),16/04/2007,3.5,Other,300,600,450
Pune(Khadiki),17/04/2007,3.5,Other,400,600,500
Pune(Khadiki),20/04/2007,2.5,Other,200,600,400
Pune(Khadiki),22/04/2007,2.2,Other,300,600,450
Pune(Khadiki),23/04/2007,2.5,Other,200,600,400
Pune(Khadiki),24/04/2007,0.3,Other,300,550,425
Pune(Khadiki),25/04/2007,2.4,Other,200,600,400
Pune(Khadiki),27/04/2007,2.7,Other,250,600,425
Pune(Khadiki),28/04/2007,1.9,Other,500,600,550
Pune(Khadiki),29/04/2007,3.4,Other,300,620,460
Pune(Khadiki),30/04/2007,1.5,Other,300,600,450
Pune(Pimpri),12/04/2007,7.4,Other,400,600,500
Pune(Pimpri),13/04/2007,0.8,Other,500,600,550
Pune(Pimpri),14/04/2007,0.8,Other,400,600,500
Pune(Pimpri),16/04/2007,0.8,Other,400,600,500
Pune(Pimpri),17/04/2007,0.8,Other,400,600,500
Pune(Pimpri),21/04/2007,0.1,Other,400,600,500
Pune(Pimpri),24/04/2007,0.3,Other,500,600,550
Pune(Pimpri),25/04/2007,1.1,Other,400,700,550
Pune(Pimpri),26/04/2007,0.2,Other,500,700,600
Pune(Pimpri),27/04/2007,1.2,Other,600,600,600
Pune(Pimpri),29/04/2007,3.1,Other,500,600,550
Pune(Pimpri),30/04/2007,1.9,Other,400,600,500
Rahata,06/04/2007,1485,Other,200,620,525
Rahata,08/04/2007,1225,Other,250,610,525
Rahata,10/04/2007,1352.5,Other,250,525,425
Rahata,13/04/2007,1152,Other,200,555,450
Rahata,15/04/2007,1491,Other,225,550,435
Rahata,17/04/2007,1910, ,NR,NR,NR
Rahata,20/04/2007,1505,Other,200,510,380
Rahata,27/04/2007,1455,Other,225,650,500
Rahuri,01/04/2007,347.5, ,NR,NR,NR
Rahuri,03/04/2007,912.5, ,NR,NR,NR
Rahuri,06/04/2007,1350, ,NR,NR,NR
Rahuri,08/04/2007,732.5, ,NR,NR,NR
Rahuri,10/04/2007,1512.5, ,NR,NR,NR
Rahuri,17/04/2007,412.5, ,NR,NR,NR
Rahuri,20/04/2007,1450, ,NR,NR,NR
Rahuri,22/04/2007,712.5, ,NR,NR,NR
Rahuri,24/04/2007,1451.2,Other,200,550,490
Rahuri,27/04/2007,1232.2,Other,200,640,515
Rahuri,29/04/2007,1195.7,Other,251,660,525
Rahuri(Vambori),03/04/2007,3,Other,250,600,425
Rahuri(Vambori),05/04/2007,3, ,NR,NR,NR
Rahuri(Vambori),07/04/2007,0.8,Other,225,325,275
Rahuri(Vambori),10/04/2007,0.3,Other,275,300,280
Rahuri(Vambori),19/04/2007,6.2,Other,250,450,350
Rahuri(Vambori),21/04/2007,4.2,Other,350,480,410
Rahuri(Vambori),24/04/2007,2.3,Other,300,475,387
Rahuri(Vambori),26/04/2007,7,Other,300,550,425
Rahuri(Vambori),28/04/2007,5.5,Other,450,625,500
Sangamner,01/04/2007,821.5,Other,200,672,426
Sangamner,03/04/2007,18,Other,200,676,438
Sangamner,05/04/2007,1346.3,Other,200,651,425
Sangamner,08/04/2007,1411.6,Other,200,531,365
Sangamner,10/04/2007,806.6,Other,200,621,425
Sangamner,19/04/2007,869.9,Other,200,551,375
Sangamner,22/04/2007,860.5,Other,200,500,350
Sangamner,24/04/2007,900.8,Other,200,571,386
Sangamner,26/04/2007,589.4,Other,200,611,405
Sangli(Phale,26/04/2007,171.1,Other,300,700,500
Sangli(Phale,03/04/2007,110,Other,300,675,487
Sangli(Phale,04/04/2007,124,Other,300,650,475
Sangli(Phale,05/04/2007,93.5,Other,300,651,475
Sangli(Phale,06/04/2007,83.4,Other,300,650,475
Sangli(Phale,07/04/2007,156.7,Other,300,630,465
Sangli(Phale,09/04/2007,95.9,Other,200,625,415
Sangli(Phale,10/04/2007,85.6,Other,200,560,380
Sangli(Phale,11/04/2007,126.4,Other,200,550,375
Sangli(Phale,12/04/2007,33.4,Other,250,560,405
Sangli(Phale,13/04/2007,37.3,Other,300,560,425
Sangli(Phale,16/04/2007,136.2,Other,200,630,415
Sangli(Phale,17/04/2007,83.2,Other,200,605,402
Sangli(Phale,18/04/2007,71.8,Other,200,590,395
Sangli(Phale,19/04/2007,71.8,Other,200,590,395
Sangli(Phale,20/04/2007,82.1,Other,200,560,380
Sangli(Phale,21/04/2007,98.7,Other,200,600,400
Sangli(Phale,23/04/2007,58.8,Other,200,560,380
Sangli(Phale,24/04/2007,47.3,Other,200,560,380
Sangli(Phale,25/04/2007,48.4,Other,250,600,425
Sangli(Phale,26/04/2007,24.8,Other,200,600,400
Sangli(Phale,27/04/2007,44.2,Other,300,600,450
Sangli(Phale,30/04/2007,42.7,Other,300,650,475
Satana,02/04/2007,250,Red,251,550,501
Satana,03/04/2007,930,Other,215,519,460
Satana,04/04/2007,1142.2, ,NR,NR,NR
Satana,05/04/2007,282.5,Other,251,551,501
Satana,09/04/2007,1437.9,Other,251,452,405
Satana,10/04/2007,969,Other,251,423,345
Satana,11/04/2007,1126.5,Other,200,432,360
Satana,12/04/2007,244.2,Other,251,456,411
Satana,13/04/2007,1060,Other,251,450,411
Satana,16/04/2007,1148.3,Other,251,454,411
Satana,17/04/2007,909.3,Other,251,451,390
Satana,18/04/2007,937.5,Other,251,438,391
Satana,23/04/2007,424,Other,251,451,411
Satana,24/04/2007,954.7,Other,251,468,415
Satana,25/04/2007,821,Other,201,435,380
Satana,26/04/2007,229.7,Other,301,515,475
Satara,01/04/2007,60.5,Other,300,700,500
Satara,08/04/2007,53,Other,300,700,500
Satara,09/04/2007,6,Other,300,700,500
Satara,12/04/2007,35,Other,300,600,500
Satara,15/04/2007,50,Other,400,700,550
Satara,17/04/2007,0.5,Other,300,700,500
Satara,19/04/2007,31.7,Other,400,600,500
Satara,22/04/2007,26.3,Other,400,600,500
Satara,26/04/2007,34.1,Other,300,600,450
Satara,29/04/2007,31.3,Other,500,700,600
Shirpur,04/04/2007,22,Other,305,701,650
Shirpur,Red,375,560,400,701,650
Shirpur,07/04/2007,19.4,Other,375,760,705
Shirpur,Red,355,510,450,760,705
Shirpur,11/04/2007,17.3,Other,265,675,580
Shirpur,Red,400,575,425,675,580
Shirpur,14/04/2007,10,Other,285,665,640
Shirpur,Red,320,415,400,665,640
Shirpur,18/04/2007,10,Other,225,425,405
Shirpur,21/04/2007,5,Red,225,425,405
Shirpur,25/04/2007,18,Other,260,701,650
Shirpur,Red,350,435,390,701,650
Shrigonda,13/04/2007,0.3,Other,200,575,451
Shrirampur,01/04/2007,271.9,Other,250,625,450
Shrirampur,05/04/2007,261.4,Other,300,655,550
Shrirampur,09/04/2007,313.9,Other,300,555,475
Shrirampur,12/04/2007,293,Other,250,525,400
Shrirampur,16/04/2007,217.5,Other,355,555,455
Shrirampur,26/04/2007,597,Other,300,560,430
Shrirampur,28/04/2007,42.8,Other,325,555,440
Shrirampur,30/04/2007,378.5,Other,200,650,400
Sinner,04/04/2007,463, ,NR,NR,NR
Sinner,05/04/2007,471.7, ,NR,NR,NR
Sinner,09/04/2007,667.3, ,NR,NR,NR
Sinner,11/04/2007,401.1, ,NR,NR,NR
Sinner,12/04/2007,340, ,NR,NR,NR
Sinner,13/04/2007,302, ,NR,NR,NR
Sinner,16/04/2007,424.6, ,NR,NR,NR
Sinner,18/04/2007,335.5, ,NR,NR,NR
Sinner,19/04/2007,138.8, ,NR,NR,NR
Sinner,20/04/2007,177.6, ,NR,NR,NR
Sinner,23/04/2007,320.6, ,NR,NR,NR
Sinner,25/04/2007,271.7, ,NR,NR,NR
Sinner,26/04/2007,116.5, ,NR,NR,NR
Sinner,27/04/2007,272.2, ,NR,NR,NR
Sinner,30/04/2007,415.8, ,NR,NR,NR
Solapur,02/04/2007,835.3, ,NR,NR,NR
Solapur,03/04/2007,674.4,Other,200,700,500
Solapur,05/04/2007,969.2, ,NR,NR,NR
Solapur,07/04/2007,1225.6, ,NR,NR,NR
Solapur,09/04/2007,1013.6, ,NR,NR,NR
Solapur,10/04/2007,940.6, ,NR,NR,NR
Solapur,11/04/2007,621, ,NR,NR,NR
Solapur,12/04/2007,741.7, ,NR,NR,NR
Solapur,17/04/2007,1117.7, ,NR,NR,NR
Solapur,18/04/2007,792.3, ,NR,NR,NR
Solapur,20/04/2007,60, ,NR,NR,NR
Solapur,24/04/2007,613.1, ,NR,NR,NR
Solapur,25/04/2007,698.6, ,NR,NR,NR
Ulhasnagar,02/04/2007,0.1,Other,1100,1350,1200
Ulhasnagar,03/04/2007,0.1,Other,1100,1350,1200
Ulhasnagar,04/04/2007,0.1,Other,1100,1350,1200
Ulhasnagar,05/04/2007,0.1,Other,1100,1350,1200
Ulhasnagar,07/04/2007,0.1,Other,1100,1350,1200
Ulhasnagar,09/04/2007,0.1,Other,1100,1350,1200
Ulhasnagar,10/04/2007,0.1,Other,1100,1350,1200
Ulhasnagar,11/04/2007,0.1,Other,1100,1350,1200
Ulhasnagar,12/04/2007,0.1,Other,1100,1350,1200
Ulhasnagar,13/04/2007,0.1,Other,1100,1350,1200
Ulhasnagar,16/04/2007,0.1,Other,1100,1350,1200
Ulhasnagar,17/04/2007,0.1,Other,1100,1350,1200
Ulhasnagar,18/04/2007,0.1,Other,1100,1350,1200
Ulhasnagar,19/04/2007,0.1,Other,1100,1350,1200
Ulhasnagar,20/04/2007,0.1,Other,1100,1350,1200
Ulhasnagar,21/04/2007,0.1,Other,1100,1350,1200
Ulhasnagar,23/04/2007,0.1,Other,1100,1350,1200
Ulhasnagar,24/04/2007,0.1,Other,1100,1350,1200
Ulhasnagar,25/04/2007,0.1,Other,1100,1350,1200
Ulhasnagar,26/04/2007,0.1,Other,1100,1350,1200
Ulhasnagar,27/04/2007,0.1,Other,1100,1350,1200
Ulhasnagar,30/04/2007,0.1,Other,1100,1350,1200
Vai,01/04/2007,0.3,Other,500,600,550
Vai,02/04/2007,0.7,Other,500,600,500
Vai,05/04/2007,0.4,Other,500,600,550
Vai,06/04/2007,0.2,Other,400,500,450
Vai,07/04/2007,0.2,Other,400,500,450
Vai,09/04/2007,7.5,Other,400,600,500
Vai,10/04/2007,0.2,Other,400,600,500
Vai,11/04/2007,0.5,Other,400,600,500
Vai,12/04/2007,0.5,Other,400,600,500
Vai,13/04/2007,0.3,Other,400,500,450
Vai,14/04/2007,0.6,Other,400,500,450
Vai,16/04/2007,11,Other,300,450,375
Vai,18/04/2007,0.3,Other,400,500,450
Vai,20/04/2007,0.8,Other,400,500,450
Vai,21/04/2007,0.8,Other,300,500,400
Vai,23/04/2007,2.5,Other,300,500,400
Vai,24/04/2007,8.7,Other,400,500,450
Vai,26/04/2007,0.5,Other,400,500,450
Vai,27/04/2007,0.5,Other,400,500,450
Vai,28/04/2007,0.8,Other,400,500,450
Vai,30/04/2007,7.5,Other,400,500,450
Vasai,01/04/2007,31.2,Other,550,700,650
Vasai,02/04/2007,19.3,Other,550,700,650
Vasai,03/04/2007,32.2,Other,550,700,650
Vasai,05/04/2007,14.1,Other,550,750,700
Vasai,06/04/2007,32.8,Other,550,750,700
Vasai,07/04/2007,31.2,Other,550,700,600
Vasai,08/04/2007,12.2,Other,550,700,652
Vasai,09/04/2007,16.3,Other,550,700,650
Vasai,10/04/2007,22.4,Other,550,700,650
Vasai,11/04/2007,24.1,Other,600,700,650
Vasai,12/04/2007,36.2,Other,552,650,600
Vasai,13/04/2007,15.6,Other,560,700,650
Vasai,14/04/2007,39.2,Other,550,700,625
Vasai,15/04/2007,33.4,Other,550,725,650
Vasai,16/04/2007,27.4,Other,550,700,600
Vasai,17/04/2007,26.2,Other,500,700,600
Vasai,18/04/2007,25.6,Other,550,700,650
Yeola,05/04/2007,1262.6,Red,200,470,450
Yeola,06/04/2007,825.5,Red,300,470,450
Yeola,07/04/2007,2012.3,Other,251,468,445
Yeola,08/04/2007,929.8,Other,251,464,425
Yeola,09/04/2007,1762.7,Other,200,418,400
Yeola,11/04/2007,1296.8,Other,250,411,395
Yeola,12/04/2007,1096.3,Other,250,425,380
Yeola,13/04/2007,1811.5,Other,250,415,390
Yeola,15/04/2007,720,Other,280,431,390
Yeola,16/04/2007,2058.4,Other,250,413,390
Yeola,18/04/2007,1722.1,Other,250,415,380
Yeola,20/04/2007,1254.3,Other,200,425,375
Yeola,22/04/2007,1084.1,Other,250,425,390
Yeola,23/04/2007,1551.8,Other,250,421,385
Yeola,24/04/2007,539.1,Other,250,432,405
Yeola,25/04/2007,1334.4,Other,250,442,390
Yeola,26/04/2007,589.9,Other,250,464,415
Yeola,27/04/2007,1709.2,Other,300,530,450
Yeola,28/04/2007,1365.2,Other,250,501,450
Yeola,30/04/2007,1438.8,Other,300,511,480
